DATE,COUNTY,CITY,ADDRESS,STATE,LONG,LAT
7/19/2008,ALAMEDA,BERKELEY,2240 9TH STREET,CA,-122.293439,37.864497
3/24/2010,ALAMEDA,CASTRO VALLEY,19127  SANTA MARIA AVENUE,CA,-122.078792,37.705828
7/28/2006,ALAMEDA,FREMONT,35856 TOLEDO COURT,CA,-122.025542,37.563942
3/12/2004,ALAMEDA,HAYWARD,333 JACKSON ST 219,CA,-122.084722,37.660831
6/9/2004,ALAMEDA,HAYWARD,1032 CENTRAL BLVD,CA,-122.068624,37.657949
8/29/2004,ALAMEDA,HAYWARD,231 CULP AVE,CA,-122.078506,37.651863
1/9/2006,ALAMEDA,HAYWARD,27948 PUEBLO SERENA WAY,CA,-122.097165,37.622004
5/16/2008,ALAMEDA,HAYWARD,698 OVERHILL DRIVE,CA,-122.045855,37.63219
2/29/2004,ALAMEDA,NEWARK,37120 SPRUCE ST G,CA,-122.044006,37.525707
11/25/2008,ALAMEDA,OAKLAND,923 39TH STREET,CA,-122.274833,37.829991
12/7/2015,ALAMEDA,OAKLAND,1950  86TH AVENUE,CA,-122.170409,37.755584
1/19/2005,ALAMEDA,PLEASANTON,6443 ALISAL ST,CA,-121.871161,37.636965
3/10/2010,ALAMEDA,PLEASANTON,818  ANGELA STREET,CA,-121.863924,37.654565
2/18/2004,ALAMEDA,SAN LEANDRO,1735 138TH AVE,CA,-122.136899,37.718061
5/4/2005,ALAMEDA,SAN LEANDRO,872 DONOVAN DR,CA,-122.17542,37.723134
5/31/2005,ALAMEDA,SAN LEANDRO,14446 ELM ST,CA,-122.163225,37.698947
11/28/2007,ALAMEDA,SAN LEANDRO,1553 SANTA MARIA ROAD,CA,-122.149048,37.724318
2/6/2004,ALAMEDA,SAN LORENZO,17283 VIA ANNETTE DR,CA,-122.140613,37.66657
10/25/2007,ALAMEDA,SAN LORENZO,1302 VIA SAN JUAN STREET,CA,-122.136022,37.6733
4/8/2009,ALAMEDA,SAN LORENZO,16150  ARRIBA VIADUCT,CA,-122.126149,37.677129
9/28/2004,ALAMEDA,UNION CITY,32673 BRENDA WAY 3,CA,-122.050197,37.592773
4/7/2006,ALAMEDA,UNION CITY,2351 HARTFORD DRIVE,CA,-122.032102,37.592384
4/9/2004,BUTTE,BIGGS,2164 LARKIN,CA,-121.654867,39.383883
10/26/2004,BUTTE,BIGGS,488 G ST,CA,-121.713241,39.417443
4/19/2004,BUTTE,CHICO,939 W EAST AVE 4,CA,-121.8783,39.746283
7/14/2004,BUTTE,CHICO,853 E 7TH ST,CA,-121.829638,39.731175
8/4/2004,BUTTE,CHICO,453 POSADA WAY 12,CA,-121.861775,39.766089
3/18/2005,BUTTE,CHICO,1056 E 8TH ST,CA,-121.827321,39.732201
10/19/2005,BUTTE,CHICO,696 7TH E ST,CA,-121.831285,39.730728
11/17/2005,BUTTE,CHICO,1402 POMONA LN,CA,-121.847477,39.715974
12/15/2005,BUTTE,CHICO,997 E 16TH ST,CA,-121.815955,39.725811
2/26/2007,BUTTE,CHICO,1735 MAGNOLIA AVENUE,CA,-121.852887,39.744154
6/7/2008,BUTTE,CHICO,1024 NEAL DOW AVENUE,CA,-121.828885,39.746323
9/30/2008,BUTTE,CHICO,729 NORD AVENUE,CA,-121.857731,39.728746
7/15/2005,BUTTE,DURHAM,9606 FIMPLE RD,CA,-121.822941,39.654021
5/22/2010,BUTTE,DURHAM,8200  DURNEL DRIVE,CA,-121.79722,39.602402
2/21/2006,BUTTE,GRIDLEY,233 KENTUCKY STREET,CA,-121.695533,39.360982
2/21/2006,BUTTE,GRIDLEY,275 KENTUCKY ST,CA,-121.695727,39.361042
5/14/2010,BUTTE,GRIDLEY,124 EAST GRIDLEY ROAD,CA,-121.682078,39.362679
9/2/2008,BUTTE,HONCUT,16 TRUXTON COURT,CA,-121.500099,39.318894
3/31/2004,BUTTE,MAGALIA,3 JORDAN HILL RD,CA,-121.560064,39.820217
9/21/2004,BUTTE,MAGALIA,14723 GOLD CONE DR,CA,-121.578306,39.812106
2/4/2004,BUTTE,OROVILLE,1940 HELMAN ST,CA,-121.552651,39.484312
2/5/2004,BUTTE,OROVILLE,110 GREENBACK DR,CA,-121.556359,39.513775
3/17/2004,BUTTE,OROVILLE,2437 ORO QUINCY HWY,CA,-121.531553,39.50947
5/5/2004,BUTTE,OROVILLE,126 CANYON HIGHLANDS DR,CA,-121.530127,39.512868
5/10/2004,BUTTE,OROVILLE,208 MISTY VIEW LN,CA,-121.458522,39.446982
7/21/2004,BUTTE,OROVILLE,2750 DE BANGAR HWY,CA,-121.542504,39.49428
8/3/2004,BUTTE,OROVILLE,2720 ORO DAM BLVD 6A,CA,-121.628034,39.498097
1/12/2005,BUTTE,OROVILLE,1130 TEHAMA ST,CA,-121.590046,39.515984
6/9/2005,BUTTE,OROVILLE,1915 PLUMAS ST,CA,-121.607333,39.518879
11/30/2005,BUTTE,OROVILLE,2794 OAK KNOLL WAY,CA,-121.516088,39.482686
2/23/2007,BUTTE,OROVILLE,91 TOYON HILLS DRIVE,CA,-121.355379,39.558069
3/18/2007,BUTTE,OROVILLE,165 HURLES CIRCLE,CA,-121.376803,39.495625
6/1/2007,BUTTE,OROVILLE,4210 ORO BANGOR HIGHWAY,CA,-121.48005,39.480102
9/11/2007,BUTTE,OROVILLE,2349 VIA MADERO,CA,-121.537539,39.474416
10/29/2007,BUTTE,OROVILLE,1616 ORO DAM BOULEVARD,CA,-121.60049,39.498972
1/31/2008,BUTTE,OROVILLE,1660 20TH STREET,CA,-121.608697,39.512433
5/13/2008,BUTTE,OROVILLE,3 ALVERDA DRIVE,CA,-121.516297,39.466768
9/17/2008,BUTTE,OROVILLE,1840 7TH STREET,CA,-121.579988,39.516196
4/7/2009,BUTTE,OROVILLE,1960  ROSE STREET,CA,-121.552027,39.486344
4/7/2009,BUTTE,OROVILLE,5075  LOWER WYANDOTTE AVENUE,CA,-121.529336,39.482555
8/27/2007,BUTTE,PALERMO,2398 LOUIS AVENUE,CA,-121.544007,39.426027
3/31/2004,BUTTE,PARADISE,6441 MOSS LN,CA,-121.59667,39.778851
7/23/2004,BUTTE,PARADISE,538 CASTLE,CA,-121.631636,39.766364
5/25/2006,BUTTE,PARADISE,5955 HAZEL WAY,CA,-121.591007,39.762527
12/20/2004,CALAVERAS,MOUNTAIN RANCH,5645 DOSTER RD,CA,-120.636624,38.25714
12/12/2004,CONTRA COSTA,ANTIOCH,1927 BIRCH AVE,CA,-121.804142,38.003002
3/22/2011,CONTRA COSTA,BAY POINT,71  MOUNTAIN VIEW AVENUE,CA,-121.930053,38.024252
10/2/2014,CONTRA COSTA,BRENTWOOD,1880 EAST EDEN PLAINS STREET,CA,-121.6589,37.952906
2/11/2010,CONTRA COSTA,BRENTWOOD,638  SUMMERWOOD DRIVE,CA,-121.720103,37.93466
12/9/2010,CONTRA COSTA,CROCKETT,815  1ST AVENUE,CA,-122.224381,38.052096
9/20/2007,CONTRA COSTA,EL SOBRANTE,2211 RANCHO ROAD,CA,-122.294435,37.984815
3/22/2005,CONTRA COSTA,MARTINEZ,625 MARINA VISTA ST,CA,-122.138027,38.018236
12/5/2006,CONTRA COSTA,RICHMOND,2420 ESMOND AVENUE,CA,-122.344903,37.944922
7/29/2008,CONTRA COSTA,RICHMOND,712 BRADFORD DRIVE,CA,-122.354136,37.985243
7/8/2004,CONTRA COSTA,RODEO,1120 4TH ST,CA,-122.261721,38.033978
4/14/2004,DEL NORTE,CRESCENT CITY,1733 WILDWOOD LN,CA,-124.202829,41.776829
4/29/2004,EL DORADO,EL DORADO,6841 UNION MINE RD,CA,-120.841022,38.609971
11/28/2006,FRESNO,CARUTHERS,14594 SOUTH ELM AVENUE,CA,-119.784602,36.524933
10/26/2012,FRESNO,CLOVIS,287 WEST BARSTOW AVENUE 125B,CA,-119.71558,36.816606
8/30/2004,FRESNO,COALINGA,47932 LOST HILLS RD,CA,-120.180101,36.037685
4/15/2010,FRESNO,DOS PALOS,43186  MERRILL AVENUE,CA,-120.56687,36.954512
4/15/2010,FRESNO,DOS PALOS,43186  MERRILL AVENUE,CA,-120.56687,36.954512
8/21/2007,FRESNO,FOWLER,6424 SOUTH FOWLER AVENUE,CA,-119.679863,36.642749
7/15/2004,FRESNO,FRESNO,12884 S ELM AVE,CA,-119.790421,36.54857
7/15/2004,FRESNO,FRESNO,1315 E CORNELL,CA,-119.794645,36.777966
7/29/2004,FRESNO,FRESNO,7090 N FRUIT AVE 140,CA,-119.81659,36.83943
6/9/2005,FRESNO,FRESNO,4822 E MONO ST,CA,-119.735393,36.736626
11/24/2006,FRESNO,FRESNO,2540 NORTH FLOYD AVENUE,CA,-119.997276,36.774301
12/13/2006,FRESNO,FRESNO,8971 MOUNTAIN VIEW,CA,-119.796924,36.904008
12/16/2008,FRESNO,FRESNO,4409 EAST HEDGES AVENUE A,CA,-119.751985,36.759809
8/6/2013,FRESNO,FRESNO,3001 WEST SWIFT AVE AVENUE 104,CA,-119.844323,36.796691
1/6/2014,FRESNO,FRESNO,4851 NORTH N CEDAR AVE AVENUE 117 ,CA,-119.755172,36.806341
1/14/2014,FRESNO,FRESNO,3852 EAST E OLIVE AVE AVENUE 201,CA,-119.760061,36.757453
,FRESNO,FRESNO,3025 EAST E GETTYSBURG AVE AVENUE 102,CA,-119.773893,36.801528
1/21/2014,FRESNO,FRESNO,AVENUE 102,CA,-119.573378,36.513953
9/6/2015,FRESNO,FRESNO,7675 N FIRST STREET BOX 203,CA,-119.772587,36.746842
12/24/2015,FRESNO,FRESNO,4102 E north AVENUE,CA,-119.716635,36.693645
2/3/2016,FRESNO,FRESNO,2715 N Millbrook AVENUE,CA,-119.763306,36.775462
1/15/2004,FRESNO,REEDLEY,22134 E HOGAN AVE,CA,-119.393303,36.67267
12/8/2007,FRESNO,REEDLEY,20069 CLAYTON AVENUE,CA,-119.429391,36.638508
3/10/2006,FRESNO,SAN JOAQUIN,2243 ELDORADO S B,CA,-120.206769,36.610362
11/18/2013,FRESNO,SQUAW VALLEY,46992  CREEKSIDE ROAD,CA,-119.137689,36.686211
5/12/2004,GLENN,WILLOWS,5627 COUNTY ROAD 69,CA,-122.298087,39.400144
8/30/2006,HUMBOLDT,ARCATA,258 LUPIN AVENUE,CA,-124.164551,40.851516
5/9/2005,HUMBOLDT,BLUE LAKE,113 RAYMAR AVE,CA,-123.982273,40.881422
4/27/2004,HUMBOLDT,EUREKA,1984 GAGE LN,CA,-124.147797,40.761242
6/6/2005,HUMBOLDT,EUREKA,1034 14TH ST,CA,-124.15784,40.795308
6/15/2006,HUMBOLDT,EUREKA,1323 SUMMER STREET,CA,-124.173738,40.794417
3/2/2004,HUMBOLDT,FORTUNA,1788 PENN AVE,CA,-124.135249,40.564938
3/25/2004,HUMBOLDT,MCKINLEYVILLE,2331 CENTRAL AVE 4,CA,-124.100963,40.947606
1/28/2004,IMPERIAL,HOLTVILLE,819 1/2 FERN ST,CA,-115.379325,32.817069
2/5/2004,IMPERIAL,HOLTVILLE,2300 SLAYTON RD,CA,-115.371538,32.818388
3/20/2006,IMPERIAL,HOLTVILLE,819 1/2 FERN AVE,CA,-115.379325,32.817069
7/20/2004,IMPERIAL,SEELEY,2205 HASKELL RD,CA,-115.690395,32.816424
2/22/2004,KERN,BAKERSFIELD,8614 FULLER,CA,-118.908599,35.300436
5/26/2004,KERN,BAKERSFIELD,2600 NORMAN AVE,CA,-119.031529,35.335692
6/18/2004,KERN,BAKERSFIELD,8614 FULLER,CA,-118.908599,35.300436
3/15/2005,KERN,BAKERSFIELD,321 OAKDALE DR,CA,-119.040637,35.359799
3/22/2005,KERN,BAKERSFIELD,2714 ALLEN RD,CA,-119.145259,35.384613
10/19/2005,KERN,BAKERSFIELD,2314 CENTER ST,CA,-118.965498,35.372222
2/28/2006,KERN,BAKERSFIELD,200 MIRAFLORES,CA,-119.004606,35.295576
3/20/2006,KERN,BAKERSFIELD,101 AGARNSEY LN,CA,-119.046139,35.355953
4/26/2006,KERN,BAKERSFIELD,109 CLYDE STREET,CA,-118.987469,35.35621
3/18/2007,KERN,BAKERSFIELD,200 MIRAFLORES AVENUE,CA,-119.004606,35.295576
6/22/2009,KERN,BAKERSFIELD,8TH STREET,CA,-119.010686,35.364587
3/3/2011,KERN,BAKERSFIELD,3801  NEWCOMBE COURT,CA,-119.044684,35.315053
3/3/2011,KERN,BAKERSFIELD,3804  LA TONIA COURT,CA,-119.043664,35.31
7/8/2011,KERN,BAKERSFIELD,218  EL TEJON AVENUE,CA,-119.025274,35.41844
12/13/2011,KERN,BAKERSFIELD,7601  REDBANK,CA,-118.919649,35.339425
2/4/2004,KERN,DELANO,1305 20TH AVE,CA,-119.241559,35.783366
10/9/2008,KERN,JOHANNESBURG,405 BROADWAY AVENUE,CA,-117.634217,35.372204
9/21/2004,KERN,LAKE ISABELLA,3105 WENYOR,CA,-118.466219,35.633224
7/11/2007,KERN,LAMONT,10224 SAN EMIDIO STREET,CA,-118.922137,35.262195
5/19/2008,KERN,LAMONT,8008 MIDDLETON LANE,CA,-118.915277,35.242183
12/9/2004,KERN,RIDGECREST,709 W ATKINS AVE,CA,-117.683901,35.650498
6/4/2007,KERN,RIDGECREST,345 WEST MOYER AVENUE,CA,-117.676422,35.645023
1/23/2004,KERN,SHAFTER,18478 S SHAFTER AVE,CA,-119.278543,35.480127
6/12/2004,KERN,SHAFTER,31396 BURBANK AVE,CA,-119.235276,35.470944
8/26/2004,KERN,TAFT,412 KERN ST,CA,-119.457188,35.142693
6/20/2005,KERN,TAFT,217 LIERLY ST,CA,-119.462562,35.134922
4/16/2007,KINGS,HANFORD,11111 9 3/4 AVENUE,CA,-119.628848,36.311741
5/21/2004,KINGS,UNINCORPORATED CITY,6260 BARSTOW AVE,CA,-119.417932,36.778261
4/19/2004,LAKE,CLEARLAKE,13660 EAST LAKE DR,CA,-122.649869,38.973313
4/28/2004,LAKE,CLEARLAKE,15888 19TH ST,CA,-122.61569,38.936947
6/18/2005,LAKE,CLEARLAKE,16537 35TH AVE,CA,-122.603709,38.94724
1/20/2010,LAKE,CLEARLAKE,13820  MANAKEE DRIVE,CA,-122.653426,38.968058
9/15/2004,LAKE,FINLEY,3424 STONE DR,CA,-122.875469,39.004436
1/27/2004,LAKE,LAKEPORT,525 ESPLANADE ST,CA,-122.914358,39.037815
11/17/2004,LAKE,LOWER LAKE,10243 SIEGLER CANYON RD,CA,-122.639214,38.906756
2/15/2006,LAKE,NICE,6643 COLLIER,CA,-122.862608,39.122454
5/1/2013,LOS ANGELES,ARTESIA,11635  ARTESIA BOULEVARD,CA,-118.086263,33.873509
9/28/2004,LOS ANGELES,BALDWIN PARK,3109 ROBINETTE AVE,CA,-117.986066,34.068559
6/16/2008,LOS ANGELES,BALDWIN PARK,4442 EDRA AVENUE,CA,-117.96579,34.093421
6/6/2009,LOS ANGELES,BELL,3717  BELL AVENUE,CA,-118.199275,33.975931
5/1/2010,LOS ANGELES,BELL GARDENS,7534  PURDY STREET,CA,-118.161733,33.964358
11/2/2008,LOS ANGELES,BELLFLOWER,17122 DOWNEY AVENUE,CA,-118.151196,33.877767
6/1/2013,LOS ANGELES,BEVERLY HILLS,712 NORTH REXFORD DRIVE,CA,-118.406196,34.081073
3/9/2007,LOS ANGELES,CERRITOS,12513 SANDY CREEK LANE,CA,-118.065808,33.885252
4/14/2005,LOS ANGELES,CITY OF COMMERCE,5820 RAMON CT,CA,-118.129919,33.976367
3/10/2004,LOS ANGELES,COMPTON,1016 POINSETTIA S AVE,CA,-118.208389,33.886963
1/13/2004,LOS ANGELES,COVINA,444 CITRUS N AVE,CA,-117.888704,34.089868
8/6/2006,LOS ANGELES,COVINA,19850 ARROW HIGHWAY,CA,-117.864463,34.106419
8/1/2006,LOS ANGELES,DIAMOND BAR,2620 CASTLEROCK ROAD,CA,-117.837539,33.977375
11/1/2007,LOS ANGELES,DIAMOND BAR,749 FEATHERWOOD DRIVE,CA,-117.789117,34.029787
2/18/2005,LOS ANGELES,DOWNEY,9322 STAMPS AVE,CA,-118.119415,33.957846
5/21/2008,LOS ANGELES,DOWNEY,10350 HALEDON AVENUE,CA,-118.115346,33.942651
3/5/2004,LOS ANGELES,EAST LOS ANGELES,4135 FLORAL AVE,CA,-118.176854,34.044312
11/18/2004,LOS ANGELES,EL MONTE,11828 EMERY ST,CA,-118.010585,34.084351
11/29/2004,LOS ANGELES,EL MONTE,4350 RANGER AVE,CA,-118.037338,34.084449
8/11/2008,LOS ANGELES,ENCINO,17448 VENTURA BOULEVARD,CA,-118.51348,34.160933
3/1/2006,LOS ANGELES,GARDENA,14903 CHADRON AVE 1,CA,-118.329234,33.896403
7/21/2004,LOS ANGELES,GLENDORA,19104 MANUA LOA,CA,-117.878371,34.124852
7/19/2010,LOS ANGELES,HAWTHORNE,12600  PRAIRIE AVENUE,CA,-118.340866,33.918382
7/22/2010,LOS ANGELES,HAWTHORNE,2851 WEST 120TH STREET,CA,-118.324242,33.924525
2/3/2011,LOS ANGELES,HAWTHORNE,13611  DOTY AVENUE,CA,-118.340049,33.907855
5/15/2007,LOS ANGELES,HUNTINGTON PARK,2505 OLIVE STREET,CA,-118.227511,33.968833
9/18/2007,LOS ANGELES,HUNTINGTON PARK,6418 SEVILLE,CA,-118.222234,33.981061
11/18/2008,LOS ANGELES,HUNTINGTON PARK,2409 OLIVE STREET,CA,-118.229711,33.96906
5/4/2010,LOS ANGELES,INGLEWOOD,8815 SOUTH VAN NESS AVENUE,CA,-118.318084,33.957383
5/25/2004,LOS ANGELES,LA CANADA FLINTRIDGE,5016 ANGELES CREST HWY,CA,-118.199476,34.213062
9/22/2004,LOS ANGELES,LA PUENTE,410 EVANWOOD AVE,CA,-117.967705,34.03629
1/13/2005,LOS ANGELES,LA PUENTE,18631 ALTARIO ST,CA,-117.896437,34.01134
3/3/2004,LOS ANGELES,LANCASTER,3995 AVENUE H W,CA,-118.201699,34.718781
2/3/2005,LOS ANGELES,LANCASTER,42705 6TH E ST,CA,-118.119503,34.658811
6/2/2006,LOS ANGELES,LANCASTER,44634 DATE AVENUE,CA,-118.140039,34.693478
7/14/2007,LOS ANGELES,LANCASTER,45448 ELM,CA,-118.143003,34.709366
1/21/2004,LOS ANGELES,LITTLEROCK,8632 AVENUE U E,CA,-117.976446,34.526867
3/24/2004,LOS ANGELES,LLANO,25757 V E AVE,CA,-117.671118,34.504999
1/27/2004,LOS ANGELES,LONG BEACH,2520 PACIFIC COAST E HWY 221,CA,-118.161606,33.789625
7/1/2004,LOS ANGELES,LONG BEACH,1401 11 E ST,CA,-118.174068,33.780997
4/25/2006,LOS ANGELES,LONG BEACH,2124 MC KENZIE AVENUE,CA,-118.167289,33.871724
4/4/2007,LOS ANGELES,LONG BEACH,1624 JUNIPERO AVENUE,CA,-118.162992,33.787608
11/14/2007,LOS ANGELES,LONG BEACH,3613 LA JARA STREET,CA,-118.149456,33.865178
12/22/2008,LOS ANGELES,LONG BEACH,1875 LIME AVENUE,CA,-118.184068,33.791336
2/4/2010,LOS ANGELES,LONG BEACH,2345 EAST HARDING STREET,CA,-118.164598,33.867679
2/10/2010,LOS ANGELES,LONG BEACH,2454  EASY AVENUE,CA,-118.2099,33.801833
1/7/2004,LOS ANGELES,LOS ANGELES,2742 LANFRANCO ST 7,CA,-118.208277,34.035966
5/12/2004,LOS ANGELES,LOS ANGELES,560 KEENAN AVE,CA,-118.143466,34.022842
6/22/2004,LOS ANGELES,LOS ANGELES,5320 1/2 ITHACA AVE,CA,-118.170267,34.07616
8/18/2004,LOS ANGELES,LOS ANGELES,21150 HOBART,CA,-118.307336,33.83712
3/26/2006,LOS ANGELES,LOS ANGELES,1406 GORDON STREET,CA,-118.319789,34.095931
7/14/2006,LOS ANGELES,LOS ANGELES,123 S LAKE STREET,CA,-118.272002,34.066568
8/11/2006,LOS ANGELES,LOS ANGELES,3015 SUNNYNOOK DRIVE,CA,-118.265646,34.117727
10/12/2006,LOS ANGELES,LOS ANGELES,244 47TH PLACE,CA,-118.277703,33.999952
10/12/2006,LOS ANGELES,LOS ANGELES,244 WEST 47TH PLACE,CA,-118.277703,33.999952
12/7/2006,LOS ANGELES,LOS ANGELES,11630 WEST 207TH STREET,CA,-118.306596,33.842888
8/9/2007,LOS ANGELES,LOS ANGELES,321 WESTMINSTER AVENUE,CA,-118.31654,34.068224
8/12/2007,LOS ANGELES,LOS ANGELES,1216 HANOVER AVENUE,CA,-118.138187,34.012019
10/10/2007,LOS ANGELES,LOS ANGELES,359 71ST STREET,CA,-118.280061,33.97559
12/20/2007,LOS ANGELES,LOS ANGELES,3744 59TH STREET,CA,-118.339414,33.986892
3/14/2008,LOS ANGELES,LOS ANGELES,218 1/2 54TH STREET,CA,-118.271094,33.993248
4/17/2008,LOS ANGELES,LOS ANGELES,4154 COMPTON AVENUE,CA,-118.247153,34.00739
4/24/2009,LOS ANGELES,LOS ANGELES,6118  HOOPER STREET,CA,-118.251735,33.983828
1/3/2010,LOS ANGELES,LOS ANGELES,5170 SOUTH NORMANDIE AVENUE,CA,-118.299876,33.995348
2/2/2010,LOS ANGELES,LOS ANGELES,2109  ESTRELLA AVENUE,CA,-118.276332,34.033007
6/2/2010,LOS ANGELES,LOS ANGELES,6516 SOUTH MAIN STREET,CA,-118.273582,33.980088
9/21/2010,LOS ANGELES,LOS ANGELES,213 1/2 WEST 66 STREET,CA,-118.276994,33.979747
4/4/2013,LOS ANGELES,LOS ANGELES,1564 EAST 117TH STREET,CA,-118.246878,33.927463
10/29/2004,LOS ANGELES,LYNWOOD,10868 DRURY LN,CA,-118.219722,33.934815
4/21/2004,LOS ANGELES,NORWALK,11026 IMPERIAL E HWY 10,CA,-118.098075,33.916573
6/14/2010,LOS ANGELES,NORWALK,12618  STUDEBAKER ROAD,CA,-118.098631,33.916505
4/3/2004,LOS ANGELES,PALMDALE,38233 HENDON DR,CA,-118.126269,34.576406
10/3/2006,LOS ANGELES,PALMDALE,38566 EAST 35TH STREET,CA,-118.067312,34.583677
1/19/2006,LOS ANGELES,PANORAMA CITY,8154 ALLOTT,CA,-118.427478,34.219226
10/19/2004,LOS ANGELES,POMONA,320 JEFFERSON W AVE,CA,-117.755383,34.069704
12/7/2006,LOS ANGELES,POMONA,1347 CAMBRIN ROAD,CA,-117.780346,34.071018
7/12/2007,LOS ANGELES,POMONA,260 LA VERNE AVENUE,CA,-117.747518,34.082641
1/4/2004,LOS ANGELES,REDONDO BEACH,208 B AVE,CA,-118.387523,33.826335
10/7/2004,LOS ANGELES,SAN DIMAS,1717 MONTE VISTA DR,CA,-117.84075,34.081694
8/3/2005,LOS ANGELES,SAN PEDRO,975 5TH W ST,CA,-118.298619,33.739431
1/14/2004,LOS ANGELES,SANTA FE SPRINGS,11462 TELEGRAPH RD,CA,-118.089002,33.947919
4/14/2010,LOS ANGELES,SANTA FE SPRINGS,13310  TELEGRAPH ROAD,CA,-118.049788,33.940824
6/22/2006,LOS ANGELES,SHADOW HILLS,10339 JOHANNA AVENUE,CA,-118.346119,34.258439
7/6/2004,LOS ANGELES,SIGNAL HILL,2210 GAVIOTA N AVE C,CA,-118.170705,33.797524
5/29/2007,LOS ANGELES,SOUTH GATE,2634 PALM PLACE,CA,-118.223963,33.963603
7/19/2006,LOS ANGELES,SYLMAR,12600 BRADLEY STREET,CA,-118.451358,34.299435
4/11/2004,LOS ANGELES,TORRANCE,4111 PACIFIC COAST HIGHWAY 308,CA,-118.356217,33.807772
11/8/2005,LOS ANGELES,VAN NUYS,15149 DOMINO ST,CA,-118.463483,34.184199
2/12/2008,LOS ANGELES,VAN NUYS,7400 SEPULVEDA BOULEVARD,CA,-118.465697,34.205237
6/24/2004,LOS ANGELES,WHITTIER,8171 WASHINGTON AVE,CA,-118.035255,33.965223
1/14/2006,LOS ANGELES,WHITTIER,6133 MCNEES AVE,CA,-118.068309,33.990165
5/11/2007,LOS ANGELES,WHITTIER,10816 TOWNLEY DRIVE,CA,-118.068214,33.984778
2/17/2006,LOS ANGELES,WILMINGTON,1724 FRIES AVE,CA,-118.265974,33.798165
7/20/2007,LOS ANGELES,WILMINGTON,1630 SANDISON STREET,CA,-118.24259,33.794324
9/28/2005,LOS ANGELES,WINNETKA,8474 QUARTZ AVE,CA,-118.564161,34.224414
4/28/2004,MADERA,CHOWCHILLA,18899 ROAD 16,CA,-120.256797,37.024101
1/25/2005,MADERA,CHOWCHILLA,1304 COLUSA AVE A,CA,-120.265598,37.111718
2/10/2005,MADERA,MADERA,21442 AVENUE 19 AVE,CA,-120.158,37.024572
8/29/2006,MADERA,MADERA,815 EAST CLINTON AVENUE,CA,-120.046651,36.96496
8/21/2007,MADERA,MADERA,18697 AVENUE PASS,CA,-120.878562,37.033832
8/25/2007,MADERA,MADERA,512 FEIN STREET,CA,-120.060718,36.961336
2/1/2008,MADERA,MADERA,35626 14 1/2 AVENUE,CA,-119.900115,36.957378
9/4/2008,MADERA,MADERA,13577 20TH AVENUE,CA,-120.183749,36.946548
5/15/2014,MADERA,MADERA,19184  AVE 18,CA,-120.198965,37.011091
5/9/2006,MENDOCINO,FORT BRAGG,16900 FRANKLIN ROAD,CA,-123.772082,39.39157
5/6/2010,MENDOCINO,PHILO,3500  LITTLE MILL CREEK ROAD,CA,-123.494807,39.149787
4/9/2009,MENDOCINO,REDWOOD VALLEY,9800  WEST ROAD,CA,-123.222233,39.284076
2/20/2008,MENDOCINO,WILLITS,65000 SHERWOOD RIDGE ROAD,CA,-122.468599,37.702514
5/11/2005,MERCED,ATWATER,9000 MORAN AVE,CA,-120.596267,37.309402
9/23/2005,MERCED,ATWATER,1236 HULL RD,CA,-120.623331,37.305374
11/15/2006,MERCED,ATWATER,1001 SANDPIPER WAY,CA,-120.582325,37.353835
8/11/2008,MERCED,ATWATER,4146 SOUTH ELLIOTT ROAD,CA,-120.561509,37.320611
1/10/2010,MERCED,BALLICO,11368 NORTH SANTA FE AVENUE,CA,-120.704675,37.453796
6/3/2004,MERCED,CRESSEY,9835 CRESSEY,CA,-120.665436,37.419433
6/29/2004,MERCED,DELHI,16235 REDBUD CT,CA,-120.78097,37.427834
11/15/2006,MERCED,DELHI,8620 HINTON,CA,-120.777167,37.413957
9/8/2008,MERCED,DELHI,15575 AUGUST AVENUE,CA,-120.76964,37.418955
6/6/2010,MERCED,DELHI,9640  SANDS ROAD,CA,-120.763317,37.427955
3/2/2005,MERCED,GUSTINE,8450 HIGHWAY 33 S HWY,CA,-121.005297,37.164652
4/15/2004,MERCED,HILMAR,20295 AUGUST RD,CA,-120.855337,37.418176
10/13/2004,MERCED,HILMAR,19511 WILLIAMS AVE,CA,-120.841873,37.387088
10/12/2007,MERCED,HILMAR,250 N UNION,CA,-122.063128,37.58207
4/1/2010,MERCED,HILMAR,19542 EAST FIRST STREET,CA,-120.841751,37.408068
4/6/2004,MERCED,LIVINGSTON,5679 ARENA WAY,CA,-120.677899,37.370353
5/22/2010,MERCED,LIVINGSTON,15290  SUNSET DRIVE,CA,-120.765868,37.340534
8/11/2006,MERCED,LOS BANOS,313 J STREET,CA,-120.852644,37.061442
2/4/2004,MERCED,MERCED,2536 LOBO,CA,-120.532486,37.324705
2/27/2004,MERCED,MERCED,3613 N GARNER RD,CA,-120.482968,37.302163
1/3/2005,MERCED,MERCED,321 S 59 S HWY,CA,-120.487596,37.284118
1/25/2007,MERCED,MERCED,824 S FREYA,CA,-120.482968,37.302163
3/21/2007,MERCED,MERCED,2499 EAST GERARD AVENUE,CA,-120.440973,37.28126
9/6/2007,MERCED,MERCED,14717 EAST 272ND,CA,-120.482968,37.302163
1/16/2008,MERCED,MERCED,5 WEST 25TH STREET 2,CA,-120.471353,37.307041
7/23/2004,MERCED,SOUTH DOS PALOS,8827 W K ST,CA,-120.649897,36.965164
2/10/2004,MERCED,STEVINSON,18910 W 6TH ST,CA,-120.830819,37.307739
3/27/2006,MERCED,STEVINSON,23875 SECOND AVENUE,CA,-120.921752,37.335305
2/20/2008,MERCED,STEVINSON,2917 CEMETERY ROAD,CA,-120.923993,37.329337
2/20/2008,MERCED,STEVINSON,2991 CEMETERY,CA,-120.92514,37.329846
4/27/2010,MERCED,STEVINSON,2228  NELANDER AVENUE,CA,-120.841753,37.319827
8/8/2004,MERCED,WINTON,6280 CENTRAL AVE,CA,-120.649996,37.379169
8/8/2004,MERCED,WINTON,9605 EUCALYPTUS AVE,CA,-120.660723,37.403807
3/13/2007,MERCED,WINTON,7409 AMANDA DRIVE,CA,-120.620778,37.394269
3/12/2008,MERCED,WINTON,6814 ARLENE WAY,CA,-120.609916,37.395405
4/21/2010,MERCED,WINTON,7125 NORTH VINE AVENUE,CA,-120.631938,37.39083
2/8/2016,MERCED,WINTON,7040  Myrtle AVENUE,CA,-120.614019,37.393183
9/19/2010,MONTEREY,GREENFIELD,424  7TH AVENUE,CA,-121.244516,36.325742
7/16/2004,MONTEREY,PACIFIC GROVE,316 PRESCOTT LN,CA,-121.919356,36.605844
5/21/2004,MONTEREY,SALINAS,1769 YOSEMITE CIR,CA,-121.630503,36.711199
6/20/2007,MONTEREY,SALINAS,1233 EAST POLK STREET,CA,-121.661072,36.699745
6/20/2007,MONTEREY,SALINAS,18840 NORTHEAST EISENHOWERE D,CA,-121.642996,36.729345
7/30/2004,NEVADA,GRASS VALLEY,439 NEAL ST 1,CA,-121.066968,39.218299
3/21/2008,ORANGE,ANAHEIM,131 MAGNOLIA AVENUE,CA,-117.976259,33.83089
3/24/2008,ORANGE,ANAHEIM,3554 WEST CORNELIA CIRCLE,CA,-118.013187,33.81062
3/27/2008,ORANGE,ANAHEIM,1819 CRIS,CA,-117.946775,33.808556
3/29/2008,ORANGE,ANAHEIM,1261 PLACENTIA STREET,CA,-117.886561,33.852478
4/8/2008,ORANGE,ANAHEIM,2500 EAST TERRACE STREET,CA,-117.88365,33.85379
9/16/2008,ORANGE,ANAHEIM,622 VELARE AVENUE,CA,-117.972905,33.82407
2/22/2010,ORANGE,ANAHEIM,1303 WEST MARLBORO AVENUE,CA,-117.931707,33.851468
5/20/2010,ORANGE,BREA,2595  IMPERIAL HIGHWAY,CA,-117.864053,33.911136
2/10/2004,ORANGE,BUENA PARK,7555 BEACH BLVD 128,CA,-117.998512,33.854114
2/10/2010,ORANGE,BUENA PARK,7111  BEACH BOULEVARD,CA,-117.998652,33.857787
5/13/2008,ORANGE,COSTA MESA,929 JOANN STREET,CA,-117.937721,33.657221
4/10/2006,ORANGE,CYPRESS,4812 GRACE AVENUE,CA,-118.049002,33.837089
12/7/2007,ORANGE,FULLERTON,641 COMMONWEALTH AVENUE,CA,-117.937029,33.870565
9/21/2004,ORANGE,GARDEN GROVE,8062 GARDEN GROVE BLVD 241,CA,-117.991219,33.773329
4/11/2008,ORANGE,GARDEN GROVE,9755 BIXBY AVENUE,CA,-117.962438,33.785012
5/13/2009,ORANGE,GARDEN GROVE,10042  LAMPSON AVENUE,CA,-117.957643,33.781111
2/13/2010,ORANGE,GARDEN GROVE,13691  BARNETT WAY,CA,-117.934228,33.764129
4/7/2010,ORANGE,HUNTINGTON BEACH,8230  TALBERT,CA,-117.985528,33.700265
2/11/2004,ORANGE,IRVINE,173 TOPEKA,CA,-117.771042,33.690445
3/23/2010,ORANGE,IRVINE,87  PINESTONE,CA,-117.806008,33.682852
7/16/2004,ORANGE,LA HABRA,2320 STORY AVE,CA,-117.972011,33.929125
7/17/2006,ORANGE,LA PALMA,4761 SHARON DRIVE A,CA,-118.050131,33.849742
2/1/2004,ORANGE,LAGUNA BEACH,985 PACIFIC COAST N HWY,CA,-117.797549,33.547326
10/15/2004,ORANGE,ORANGE,2135 ALMOND W ST,CA,-117.875683,33.786307
5/30/2008,ORANGE,ORANGE,207 ESPLANDE STREET,CA,-117.809303,33.785905
3/29/2010,ORANGE,ORANGE,2300 NORTH TUSTIN AVENUE,CA,-117.838572,33.828117
3/16/2010,ORANGE,PLACENTIA,745  DUNN,CA,-117.880176,33.861599
7/7/2004,ORANGE,SANTA ANA,1137 MCFADDEN W,CA,-117.882268,33.734761
11/30/2004,ORANGE,SANTA ANA,1233 GENOA S DR,CA,-117.934835,33.73113
4/9/2008,ORANGE,SANTA ANA,1314 HARBOR BOULEVARD,CA,-117.921105,33.756846
5/19/2008,ORANGE,SANTA ANA,3012 HALLADAY,CA,-117.860776,33.706626
5/21/2008,ORANGE,SANTA ANA,412 BAKER STREET,CA,-117.883172,33.748575
7/14/2008,ORANGE,SANTA ANA,702 SANTA ANA BOULEVARD,CA,-117.874682,33.747985
5/11/2009,ORANGE,SANTA ANA,1450  AUTO DRIVE,CA,-117.798616,33.726007
4/28/2010,ORANGE,SANTA ANA,4417  MORNINGSIDE,CA,-117.928421,33.757024
12/23/2011,ORANGE,SANTA ANA,800 SOUTH SULLIVAN STREET D3,CA,-117.903523,33.735577
9/15/2006,ORANGE,STANTON,10698 COURT STREET,CA,-117.991206,33.797348
4/19/2007,ORANGE,STANTON,7701 WESTBROOK WAY,CA,-117.9947,33.779097
4/24/2004,ORANGE,TUSTIN,13624 ESTERO CIR,CA,-117.816968,33.741217
7/15/2004,ORANGE,WESTMINSTER,7681 BAYLOR DR,CA,-117.995297,33.758286
5/5/2006,ORANGE,WESTMINSTER,9851 BOLSA AVENUE,CA,-117.957413,33.746023
5/17/2006,ORANGE,WESTMINSTER,5051 PRINCETON AVENUE,CA,-118.041548,33.765806
4/28/2009,ORANGE,WESTMINSTER,13100  GOLDENWEST STREET,CA,-118.006967,33.772761
5/21/2009,ORANGE,WESTMINSTER,6942  GARDEN GROVE BOULEVARD,CA,-118.012404,33.773145
11/13/2007,ORANGE,YORBA LINDA,5471 JEFFERSON STREET,CA,-117.837547,33.880222
10/11/2007,PLUMAS,CHESTER,460 MELISSA AVENUE,CA,-121.224034,40.308744
4/14/2006,PLUMAS,PORTOLA,5630 CASEY JONES ROAD,CA,-120.504129,39.788323
3/9/2010,PLUMAS,PORTOLA,324  BELLA VISTA,CA,-120.50099,39.813103
2/17/2010,PLUMAS,QUINCY JUNCTION,1426  BUTTERFLY VALLEY ROAD,CA,-120.971601,40.007028
6/11/2004,RIVERSIDE,ANZA,57310 VALLEY VISTA,CA,-116.66263,33.493919
10/26/2004,RIVERSIDE,BANNING,1007 LINDA VISTA RD,CA,-116.880312,33.934649
3/21/2010,RIVERSIDE,BANNING,514 EAST VICTORY AVENUE,CA,-116.870739,33.914038
4/15/2004,RIVERSIDE,BEAUMONT,34250 SAN TIMITEO CANYON RD,CA,-117.093423,33.973999
4/19/2004,RIVERSIDE,BEAUMONT,1016 PALM AVE,CA,-116.971167,33.93591
6/8/2006,RIVERSIDE,CALIMESA,9453 SHARONDALE ROAD,CA,-117.040691,33.983485
2/16/2004,RIVERSIDE,CATHEDRAL CITY,68557 C STREET,CA,-116.465792,33.777538
3/12/2004,RIVERSIDE,CORONA,734 VIEWTOP LN,CA,-117.561327,33.836267
4/2/2004,RIVERSIDE,CORONA,995 POMONA RD 17,CA,-117.578235,33.882638
7/21/2004,RIVERSIDE,CORONA,1330 W 8TH ST 18,CA,-117.58994,33.875405
2/2/2006,RIVERSIDE,CORONA,446 FRANCIS E ST,CA,-117.562231,33.865228
1/2/2008,RIVERSIDE,CORONA,379 EAST RANCHO ROAD,CA,-117.563864,33.862905
1/20/2004,RIVERSIDE,DESERT HOT SPRINGS,66366 6TH ST,CA,-116.503722,33.967135
3/23/2006,RIVERSIDE,DESERT HOT SPRINGS,13255 MEXQUITE AVENUE,CA,-116.497358,33.95221
4/29/2009,RIVERSIDE,DESERT HOT SPRINGS,12155  OCOTILLO ROAD,CA,-116.499298,33.960257
3/12/2004,RIVERSIDE,EL CERRITO,19078 RISING SUN RD,CA,-117.527386,33.842658
2/29/2004,RIVERSIDE,GLEN AVON HEIGHTS,4080 CONNING,CA,-119.417932,36.778261
2/7/2004,RIVERSIDE,HEMET,531 CEDAR LN 2,CA,-116.966148,33.755468
2/11/2004,RIVERSIDE,HEMET,1675 COBBLE LN,CA,-116.988494,33.726262
2/18/2004,RIVERSIDE,HEMET,1097 N STATE ST 2,CA,-116.97536,33.766107
3/24/2004,RIVERSIDE,HEMET,772 N STATE,CA,-116.971221,33.759678
3/30/2004,RIVERSIDE,HEMET,225 S ELK ST 36,CA,-116.985332,33.745028
5/4/2004,RIVERSIDE,HEMET,43939 FLORIDA AVE,CA,-116.894021,33.747825
5/15/2004,RIVERSIDE,HEMET,585 S SANTA FE,CA,-116.962947,33.738517
6/4/2004,RIVERSIDE,HEMET,2688 E FLORIDA AVE 18,CA,-116.943584,33.748361
12/8/2004,RIVERSIDE,HEMET,4400 FLORIDA W AVE 117,CA,-117.018557,33.745852
1/29/2005,RIVERSIDE,HEMET,41251 ROPE RD,CA,-116.941309,33.530397
1/20/2006,RIVERSIDE,HEMET,525 GILBERT N 49,CA,-116.977057,33.755656
3/15/2006,RIVERSIDE,HEMET,25873 RIVERVIEW LANE,CA,-116.862329,33.744355
2/18/2008,RIVERSIDE,HEMET,32809 RED MOUNTAIN ROAD,CA,-116.879579,33.633133
5/21/2009,RIVERSIDE,HEMET,871  SAN MATEO CIRCLE,CA,-116.985594,33.73488
3/2/2016,RIVERSIDE,HEMET,1610  BLUEJAY WAY,CA,-117.017289,33.719872
6/9/2004,RIVERSIDE,INDIO,46540 PADUA CIR,CA,-116.227689,33.710583
9/21/2004,RIVERSIDE,INDIO,47800 MADISON ST 169,CA,-116.249537,33.701918
4/29/2004,RIVERSIDE,LAKE ELSINORE,17911 THORESON,CA,-117.340951,33.631172
1/27/2006,RIVERSIDE,LAKE ELSINORE,34323 SUNRISE DRIVE,CA,-117.286917,33.622289
9/28/2004,RIVERSIDE,LAKE MATTHEWS,17224 CAJON DR,CA,-119.417932,36.778261
12/6/2004,RIVERSIDE,MENIFEE,26814 MADERA CT,CA,-117.191965,33.680933
11/12/2008,RIVERSIDE,MIRA LOMA,10351 OAK BARK LANE,CA,-117.510076,34.033167
8/29/2004,RIVERSIDE,MORENO VALLEY,25204 BRIDLE TRAIL,CA,-117.22277,33.932602
2/3/2015,RIVERSIDE,MORENO VALLEY,16329  SADDLEBACK LANE,CA,-117.688832,33.557136
8/15/2015,RIVERSIDE,MORENO VALLEY,25399  TODD DRIVE,CA,-117.219443,33.936674
2/9/2016,RIVERSIDE,MORENO VALLEY,16329  Saddlebrook LANE,CA,-117.222082,33.883912
4/12/2007,RIVERSIDE,MOUNTAIN CENTER,63137 JERABOA ROAD,CA,-116.462574,33.587969
3/16/2004,RIVERSIDE,NORCO,2574 RIDGECREST,CA,-117.547014,33.919647
1/31/2008,RIVERSIDE,NORCO,3117 SHADOW CANYON CIRCLE,CA,-117.578605,33.934974
4/21/2006,RIVERSIDE,NUEVO,22788 VIA SANTANA,CA,-117.156737,33.789551
6/20/2008,RIVERSIDE,PALM SPRINGS,383 VEREDA NORTE,CA,-116.551263,33.841005
2/8/2004,RIVERSIDE,PERRIS,332 W 11TH ST,CA,-117.233163,33.775908
6/27/2004,RIVERSIDE,PERRIS,143 PEROU ST,CA,-117.227853,33.774553
7/29/2004,RIVERSIDE,PERRIS,618 BOND DR,CA,-117.253724,33.792081
3/3/2005,RIVERSIDE,PERRIS,4715 WADE AVE,CA,-117.257136,33.857452
12/12/2005,RIVERSIDE,PERRIS,19881 GUSTIN RD,CA,-117.349564,33.830513
8/7/2008,RIVERSIDE,PERRIS,21747 WEBSTER AVENUE,CA,-117.244587,33.804919
8/29/2008,RIVERSIDE,PERRIS,21881 OLEANDER AVENUE,CA,-117.28098,33.858362
4/8/2011,RIVERSIDE,PERRIS,644  PRIMROSE PLACE,CA,-117.212167,33.812048
7/29/2014,RIVERSIDE,PERRIS,2520  SPECTACULAR  BID STREET,CA,-117.218202,33.817598
1/28/2004,RIVERSIDE,RIVERSIDE,344 N STATE 148,CA,-117.329536,34.061837
3/31/2004,RIVERSIDE,RIVERSIDE,5861 MITCHELL,CA,-117.490936,33.93793
6/27/2006,RIVERSIDE,RIVERSIDE,11235 CYPRESS,CA,-117.500584,33.93796
2/5/2010,RIVERSIDE,RIVERSIDE,4080  PEDLEY ROAD,CA,-117.472093,34.015319
4/2/2010,RIVERSIDE,RIVERSIDE,11744  HAZELDELL DRIVE,CA,-117.503671,33.91356
4/2/2010,RIVERSIDE,RIVERSIDE,12172  SEVERN WAY,CA,-117.500984,33.895196
4/2/2010,RIVERSIDE,RIVERSIDE,12172  SEVERN WAY,CA,-117.500984,33.895196
8/2/2004,RIVERSIDE,SAN JACINTO,437 MEAD,CA,-116.953797,33.786664
6/15/2005,RIVERSIDE,SAN JACINTO,344 N STATE ST SP 196,CA,-116.958635,33.783908
2/22/2006,RIVERSIDE,SAN JACINTO,610 WASHINGTON E AVE,CA,-116.950659,33.764932
4/20/2006,RIVERSIDE,SAN JACINTO,182 DE ANZA,CA,-116.966979,33.785064
2/2/2010,RIVERSIDE,TEMECULA,29774  CALLE PANTANO,CA,-117.142469,33.517682
7/9/2004,RIVERSIDE,VICTORVILLE,20197 NANDINA AVE,CA,-117.292764,34.536218
11/16/2004,RIVERSIDE,VICTORVILLE,22875 RIOS,CA,-117.292764,34.536218
5/20/2004,RIVERSIDE,WINCHESTER,33091 WILLARD,CA,-117.083243,33.704803
6/23/2007,SACRAMENTO,CITRUS HEIGHTS,7401 LOVATO,CA,-121.302605,38.700221
2/23/2005,SACRAMENTO,ELK GROVE,5354 JADE CREEK,CA,-121.441219,38.433206
8/5/2004,SACRAMENTO,ELVERTA,2495 RHINE WAY,CA,-121.408545,38.718209
2/28/2006,SACRAMENTO,ELVERTA,2110 QUAIL RANCH COURT,CA,-121.414861,38.712021
4/20/2010,SACRAMENTO,GALT,132  4TH,CA,-121.306333,38.254298
4/4/2004,SACRAMENTO,RANCHO CORDOVA,10892 WALNUTWOOD WAY,CA,-121.282161,38.607416
2/4/2004,SACRAMENTO,SACRAMENTO,4405 23RD ST,CA,-121.486264,38.53476
2/24/2004,SACRAMENTO,SACRAMENTO,4719 HAYFORD WAY,CA,-121.352933,38.670943
3/23/2004,SACRAMENTO,SACRAMENTO,7624 BIRDIE CT,CA,-121.41374,38.480662
3/26/2004,SACRAMENTO,SACRAMENTO,1536 STRADER AVE,CA,-121.432525,38.624387
3/30/2004,SACRAMENTO,SACRAMENTO,5867 AUBURN BLVD 30,CA,-121.328409,38.673754
4/1/2004,SACRAMENTO,SACRAMENTO,2530 STREET S 8,CA,-121.476594,38.564398
10/8/2004,SACRAMENTO,SACRAMENTO,3534 SUMMER PARK DR 354,CA,-121.502846,38.631245
3/6/2006,SACRAMENTO,SACRAMENTO,4144 CABINET CIRCLE,CA,-121.365832,38.665434
6/6/2006,SACRAMENTO,SACRAMENTO,7662 COUNTRY PARK DRIVE,CA,-121.402671,38.478293
1/30/2007,SACRAMENTO,SACRAMENTO,5230 PALM,CA,-121.342953,38.667807
2/13/2007,SACRAMENTO,SACRAMENTO,2681 FAIRFIELD STREET,CA,-121.452832,38.616102
12/3/2008,SACRAMENTO,SACRAMENTO,6316 WELTY WAY,CA,-121.453925,38.510962
5/13/2006,SACRAMENTO,,5140 W SHERMAN ISLAND ROAD,CA,-121.786775,38.057473
11/29/2007,SAN BERNARDINO,ADELANTO,17526 KEATS ROAD,CA,-117.600539,34.587365
2/17/2004,SAN BERNARDINO,APPLE VALLEY,21845 ARAPAHOE ST 1,CA,-117.186796,34.501958
5/21/2004,SAN BERNARDINO,APPLE VALLEY,10620 MATILIJA,CA,-117.166642,34.445301
6/2/2004,SAN BERNARDINO,APPLE VALLEY,10808 MILLS RD,CA,-117.154118,34.448711
10/15/2006,SAN BERNARDINO,APPLE VALLEY,12618 POCONO ROAD,CA,-117.216147,34.480662
1/4/2007,SAN BERNARDINO,APPLE VALLEY,20024 HAPPY TRAILS HIGHWAY,CA,-117.227184,34.530327
5/5/2009,SAN BERNARDINO,APPLE VALLEY,9611  NAVAJO ROAD,CA,-117.189411,34.426456
4/16/2004,SAN BERNARDINO,BAKER,71759 BAKER BLVD,CA,-116.082418,35.259884
6/7/2004,SAN BERNARDINO,BARSTOW,24966 CAMINO DEL SOL ST,CA,-117.116577,34.881231
9/18/2004,SAN BERNARDINO,BARSTOW,2577 COMMUNITY BLVD,CA,-117.099544,34.90691
11/18/2004,SAN BERNARDINO,BARSTOW,29779 N 1ST,CA,-117.013804,34.915996
1/1/2005,SAN BERNARDINO,BARSTOW,434 S SECOND ST 1,CA,-117.026628,34.894397
11/17/2004,SAN BERNARDINO,BLOOMINGTON,16742 14TH ST,CA,-117.400717,34.047646
2/11/2004,SAN BERNARDINO,CHINO,11838 CENTRAL AVE 93,CA,-117.690992,34.03897
5/13/2004,SAN BERNARDINO,CHINO,12018 CENTRAL AVE,CA,-117.690655,34.035105
12/13/2004,SAN BERNARDINO,CHINO HILLS,15553 ESTHER ST,CA,-117.699688,33.970959
6/15/2007,SAN BERNARDINO,COLTON,1822 ADMIRALTY STREET,CA,-117.355333,34.081505
1/15/2004,SAN BERNARDINO,FONTANA,14430 SANTA ANA,CA,-117.490805,34.055635
3/30/2004,SAN BERNARDINO,FONTANA,13519 ARROW RT,CA,-117.51,34.098631
9/7/2004,SAN BERNARDINO,FONTANA,7642 KEMPSTER AVE,CA,-117.430129,34.115285
3/20/2006,SAN BERNARDINO,FONTANA,17265 LURELANE STREET,CA,-117.428182,34.130151
6/15/2006,SAN BERNARDINO,FONTANA,13449 IVY,CA,-117.511865,34.102924
12/13/2006,SAN BERNARDINO,FONTANA,14349 FIGWOOD DRIVE,CA,-117.492852,34.042273
4/17/2008,SAN BERNARDINO,FONTANA,16411 ATHOL STREET,CA,-117.446422,34.088283
2/25/2004,SAN BERNARDINO,HESPERIA,14926 FIR ST,CA,-117.337464,34.392799
6/16/2004,SAN BERNARDINO,HESPERIA,15356 PENDLETON,CA,-117.328383,34.447788
7/3/2004,SAN BERNARDINO,HESPERIA,11976 MARIPOSA RD,CA,-117.346564,34.468259
10/1/2004,SAN BERNARDINO,HESPERIA,7892 ALSTON,CA,-117.295107,34.394582
7/29/2005,SAN BERNARDINO,HESPERIA,10721 MAPLE ST,CA,-117.346142,34.445358
1/12/2006,SAN BERNARDINO,HESPERIA,9553 LOS BANOS AVE,CA,-117.407521,34.423576
3/25/2006,SAN BERNARDINO,HESPERIA,11516 HAWTHORNE,CA,-117.336939,34.45986
6/8/2006,SAN BERNARDINO,HESPERIA,9393 HICKORY,CA,-117.327467,34.421356
6/9/2006,SAN BERNARDINO,HESPERIA,10983 4TH AVENUE,CA,-117.30554,34.450308
2/22/2007,SAN BERNARDINO,HESPERIA,13010 PRAIRIE TRAIL,CA,-117.376728,34.365234
10/18/2008,SAN BERNARDINO,HESPERIA,9519 MAPLE AVENUE,CA,-117.346074,34.423478
4/23/2004,SAN BERNARDINO,HIGHLAND,7409 LOS FELIZ DR,CA,-117.227384,34.119296
5/18/2004,SAN BERNARDINO,HIGHLAND,25715 LIME ST,CA,-117.168178,34.052768
5/21/2004,SAN BERNARDINO,HIGHLAND,28457 MERRION AVE,CA,-117.628965,34.020891
4/5/2009,SAN BERNARDINO,HINKLEY,23572  STATE HIGHWAY 58,CA,-117.147935,34.922748
5/27/2004,SAN BERNARDINO,JOSHUA TREE,62475 COVE LN,CA,-116.370377,34.105144
9/26/2004,SAN BERNARDINO,JOSHUA TREE,3255 SUNSET RD,CA,-116.316451,34.194407
1/14/2008,SAN BERNARDINO,JOSHUA TREE,8997 TORTUGA ROAD,CA,-116.291906,34.099496
10/14/2008,SAN BERNARDINO,LANDERS,57646 LINN ROAD,CA,-116.405749,34.298692
8/1/2006,SAN BERNARDINO,LOMA LINDA,26232 NEWPORT AVENUE,CA,-117.231902,34.046572
6/23/2004,SAN BERNARDINO,MUSCOY,2544 3RD ST,CA,-117.380098,34.10423
3/25/2004,SAN BERNARDINO,NEWBERRY SPRINGS,52875 BEDFORD RD,CA,-116.648508,34.894257
6/24/2004,SAN BERNARDINO,NEWBERRY SPRINGS,47962 HORNER RD,CA,-116.613945,34.812879
10/11/2004,SAN BERNARDINO,NEWBERRY SPRINGS,35377 NEWBERRY RD,CA,-116.662531,34.896004
4/21/2006,SAN BERNARDINO,NEWBERRY SPRINGS,42378 SILVER VALLEY ROAD,CA,-116.735779,34.866166
1/21/2004,SAN BERNARDINO,ONTARIO,844 WYSTERIA E CT,CA,-117.637858,34.034175
7/26/2004,SAN BERNARDINO,ONTARIO,1506 E HIGHLAND CT,CA,-117.622479,34.089181
2/10/2006,SAN BERNARDINO,ONTARIO,956 PRINCETON W ST,CA,-117.667228,34.079959
9/10/2007,SAN BERNARDINO,ONTARIO,740 CAMALOT,CA,-117.662094,34.043309
6/13/2006,SAN BERNARDINO,ORO GRANDE,21451 NATIONAL TRAILS HIGHWAY,CA,-117.344126,34.640069
4/27/2004,SAN BERNARDINO,PHELAN,8135 JOSHUA ST,CA,-117.478449,34.407168
9/17/2004,SAN BERNARDINO,PHELAN,6721 NIELSON RD,CA,-117.51582,34.418779
10/19/2004,SAN BERNARDINO,PHELAN,11480 MACRON,CA,-117.433091,34.459069
3/27/2007,SAN BERNARDINO,PINON HILLS,11475 PRADO ROAD,CA,-117.657251,34.4583
10/1/2004,SAN BERNARDINO,RANCHO CUCAMONGA,7651 EFFEN,CA,-117.597286,34.110036
1/28/2004,SAN BERNARDINO,REDLANDS,1034 ALTA ST,CA,-117.181095,34.066261
10/25/2004,SAN BERNARDINO,REDLANDS,28565 SAN TIMOTEO CANYON,CA,-117.163635,33.996045
2/14/2005,SAN BERNARDINO,REDLANDS,2155 CITRUS AVE 112,CA,-117.13568,34.055492
3/23/2006,SAN BERNARDINO,REDLANDS,828 6TH STREET,CA,-117.180026,34.063665
5/16/2007,SAN BERNARDINO,REDLANDS,511 REDLANDS BOULEVARD,CA,-117.188282,34.057407
2/17/2004,SAN BERNARDINO,RIALTO,349 N LILAC,CA,-117.378266,34.105743
12/22/2007,SAN BERNARDINO,RIALTO,624 ETIWANDA AVENUE,CA,-117.381869,34.114541
3/9/2004,SAN BERNARDINO,SAN BERNARDINO,1443 CEDAR 23,CA,-117.267283,34.126244
4/9/2004,SAN BERNARDINO,SAN BERNARDINO,1443 CEDAR ST 1,CA,-117.267283,34.126244
4/23/2004,SAN BERNARDINO,SAN BERNARDINO,3160 N STATE ST,CA,-117.335766,34.155285
5/21/2004,SAN BERNARDINO,SAN BERNARDINO,2176 AMANDA ST,CA,-117.239738,34.125723
11/16/2004,SAN BERNARDINO,SAN BERNARDINO,1162 E 2ND,CA,-117.260745,34.102929
12/28/2004,SAN BERNARDINO,SAN BERNARDINO,2547 3RD AVE,CA,-117.360106,34.164642
1/19/2005,SAN BERNARDINO,SAN BERNARDINO,123 E 11TH ST,CA,-117.284571,34.119202
1/22/2005,SAN BERNARDINO,SAN BERNARDINO,1318 E GOULD ST,CA,-117.257332,34.071133
8/29/2005,SAN BERNARDINO,SAN BERNARDINO,11571 5TH ST,CA,-117.240965,34.108394
3/10/2006,SAN BERNARDINO,SAN BERNARDINO,2131 GENEVIEVE STREET,CA,-117.285964,34.134792
3/16/2006,SAN BERNARDINO,SAN BERNARDINO,756 W 19 ST,CA,-117.299829,34.132544
9/12/2006,SAN BERNARDINO,SAN BERNARDINO,19829 KENDALL DRIVE,CA,-117.372394,34.197168
10/13/2006,SAN BERNARDINO,SAN BERNARDINO,2292 PORTOLA STREET,CA,-117.348267,34.16668
7/18/2007,SAN BERNARDINO,SAN BERNARDINO,243 MERIDIAN AVENUE,CA,-117.344584,34.103396
11/7/2007,SAN BERNARDINO,SAN BERNARDINO,223 49TH,CA,-117.281917,34.172853
11/26/2007,SAN BERNARDINO,SAN BERNARDINO,1431 7TH STREET,CA,-117.316992,34.111622
4/3/2008,SAN BERNARDINO,SAN BERNARDINO,6317 BONNIE STREET,CA,-117.247169,34.139466
7/1/2008,SAN BERNARDINO,SAN BERNARDINO,7234 DWIGHT WAY,CA,-117.256356,34.122459
4/2/2010,SAN BERNARDINO,SAN BERNARDINO,205 WEST BENEDICT ROAD,CA,-117.288144,34.083777
12/30/2004,SAN BERNARDINO,TRONA,13860 FREMONT ST 2,CA,-117.361818,35.786894
2/22/2004,SAN BERNARDINO,TWENTYNINE PALMS,4828 LEAR AVE,CA,-116.151712,34.165469
3/31/2004,SAN BERNARDINO,TWENTYNINE PALMS,7580 MAC RD,CA,-115.924755,34.196373
4/15/2004,SAN BERNARDINO,TWENTYNINE PALMS,5665 AERONIA,CA,-116.054169,34.135558
6/16/2004,SAN BERNARDINO,TWENTYNINE PALMS,68077 INDIAN TRAIL,CA,-116.168622,34.184642
1/5/2005,SAN BERNARDINO,UPLAND,359 SEVENTH ST,CA,-117.646608,34.089138
1/30/2004,SAN BERNARDINO,VICTORVILLE,16717 C ST,CA,-117.297106,34.537731
2/19/2004,SAN BERNARDINO,VICTORVILLE,16868 STODDARD WELLS RD,CA,-117.290652,34.556563
3/9/2004,SAN BERNARDINO,VICTORVILLE,15330 CONDOR RD,CA,-117.321317,34.529369
10/19/2004,SAN BERNARDINO,VICTORVILLE,17053 B ST,CA,-117.291982,34.532135
10/21/2004,SAN BERNARDINO,VICTORVILLE,16688 HUGHES,CA,-117.299863,34.511151
8/1/2005,SAN BERNARDINO,VICTORVILLE,16262 YUCCA AVE,CA,-117.30925,34.533231
10/17/2005,SAN BERNARDINO,VICTORVILLE,11550 WHITE RD,CA,-117.471083,34.459672
2/7/2006,SAN BERNARDINO,VICTORVILLE,13126 MESA,CA,-117.376954,34.449451
2/24/2006,SAN BERNARDINO,VICTORVILLE,16755 UNION ST B,CA,-117.298414,34.528712
3/2/2006,SAN BERNARDINO,VICTORVILLE,15618 TOPANGO ROAD,CA,-117.329683,34.534537
3/15/2006,SAN BERNARDINO,VICTORVILLE,13602 NASSAU DRIVE,CA,-117.321105,34.498062
12/21/2006,SAN BERNARDINO,VICTORVILLE,14349 HESPERIA ROAD,CA,-117.297184,34.511917
5/3/2007,SAN BERNARDINO,VICTORVILLE,13852 BURNING TREE LANE,CA,-117.318035,34.506849
8/6/2007,SAN BERNARDINO,VICTORVILLE,16753 ZENDA STREET,CA,-117.298461,34.523331
3/5/2010,SAN BERNARDINO,VICTORVILLE,13143  SLEEPY RIDGE LANE,CA,-117.314544,34.489735
8/10/2006,SAN BERNARDINO,YERMO,37933 GRANDVIEW AVENUE,CA,-116.832929,34.90668
5/25/2005,SAN BERNARDINO,YUCAIPA,12470 15TH ST,CA,-117.099144,34.02724
9/6/2006,SAN BERNARDINO,YUCCA VALLEY,58620 SAN MARINO DRIVE,CA,-116.385227,34.080115
12/2/2013,SAN DIEGO,ALPINE,404  SUMMERHILL TERRACE,CA,-116.806977,32.839068
1/7/2004,SAN DIEGO,BOULEVARD,2605 PASEO ALTA CT,CA,-116.319969,32.685206
8/8/2010,SAN DIEGO,CARLSBAD,382  ACACIA,CA,-117.344909,33.15299
8/8/2010,SAN DIEGO,CARLSBAD,847  LAGUNA,CA,-117.347805,33.165003
3/23/2004,SAN DIEGO,ESCONDIDO,1306 RONDA AVE,CA,-117.068446,33.13838
8/31/2004,SAN DIEGO,ESCONDIDO,431 4TH E AVE 1B,CA,-117.075208,33.120529
3/3/2005,SAN DIEGO,ESCONDIDO,16975 GUEJITO RD,CA,-116.964803,33.163814
6/6/2006,SAN DIEGO,ESCONDIDO,1825 EAST VALLEY WAY,CA,-117.054466,33.134915
1/20/2010,SAN DIEGO,ESCONDIDO JUNCTION,1531  MONTIEL,CA,-119.417932,36.778261
5/19/2004,SAN DIEGO,FALLBROOK,422 CATALPA LN,CA,-117.243311,33.385128
5/10/2007,SAN DIEGO,LA PUENTE,1254 BANNON,CA,-117.943687,34.043272
8/12/2004,SAN DIEGO,LAKESIDE,11441 EL NOPAL,CA,-116.949043,32.861772
9/20/2006,SAN DIEGO,OCEANSIDE,3965 BROWN STREET,CA,-117.297625,33.18771
1/30/2004,SAN DIEGO,SAN DIEGO,875 HOTEL S CIR,CA,-117.17041,32.759281
5/21/2004,SAN DIEGO,SAN DIEGO,6173 FAUNA DRIVE,CA,-117.062172,32.739461
9/16/2004,SAN DIEGO,SAN DIEGO,4242 34TH ST D,CA,-117.120381,32.754118
6/20/2007,SAN DIEGO,SAN DIEGO,3835 MIDWAY #203 DRIVE,CA,-117.264602,32.813214
6/12/2009,SAN DIEGO,SAN DIEGO,9777  DE LA AMISTAD VIADUCT,CA,-116.935827,32.551753
1/16/2004,SAN DIEGO,SAN YSIDRO,905 HWY CALIENTE RD,CA,-117.014844,32.565374
1/30/2004,SAN DIEGO,SANTEE,8593 MAGNOLIA AVE,CA,-116.962996,32.830954
11/7/2008,SAN DIEGO,VALLEY CENTER,30118 MILLER ROAD,CA,-117.022931,33.256499
11/24/2004,SAN DIEGO,VISTA,1280 HACIENDA DR G6,CA,-117.26682,33.191737
9/14/2006,SAN DIEGO,VISTA,1710 AVOCADO DRIVE,CA,-117.223363,33.177084
4/3/2007,SAN DIEGO,VISTA,663 EUCALYPTUS,CA,-117.233757,33.201693
11/29/2007,SAN DIEGO,VISTA,526 MAR VISTA DRIVE,CA,-117.232782,33.180389
4/9/2008,SAN DIEGO,VISTA,1610 N SANTA FE,CA,-117.247246,33.223496
3/29/2006,SAN FRANCISCO,SAN FRANCISCO,35 BELVEDERE ST 5,CA,-122.449855,37.769086
10/11/2007,SAN JOAQUIN,LATHROP,15523 SIXTH STREET,CA,-121.276891,37.821253
4/20/2007,SAN JOAQUIN,MANTECA,481 SOUTH UNION ROAD,CA,-121.234716,37.79402
10/12/2007,SAN JOAQUIN,MANTECA,250 N UNION,CA,-121.234403,37.800274
1/20/2004,SAN JOAQUIN,STOCKTON,7790 N ASHLEY LN,CA,-121.224861,38.028403
4/16/2004,SAN JOAQUIN,STOCKTON,9800 E EIGHT MILE RD,CA,-121.196773,38.056859
4/18/2004,SAN JOAQUIN,STOCKTON,5708 N HIGHWAY 99,CA,-121.257092,38.015425
4/22/2004,SAN JOAQUIN,STOCKTON,1560 SILVER CREEK,CA,-121.327216,37.998915
6/30/2004,SAN JOAQUIN,STOCKTON,10285 HILDRETH LN,CA,-121.226337,38.050951
7/31/2004,SAN JOAQUIN,STOCKTON,2717 W MARCH LN,CA,-121.345148,37.985568
8/4/2004,SAN JOAQUIN,STOCKTON,2654 W MARCH LN 304,CA,-121.341631,37.983915
8/26/2004,SAN JOAQUIN,STOCKTON,3416 FARMINGTON E RD 2,CA,-121.235374,37.939576
9/25/2004,SAN JOAQUIN,STOCKTON,2274 E FREMONT,CA,-121.260639,37.963378
4/25/2005,SAN JOAQUIN,STOCKTON,2071 LA JOLLA DR,CA,-121.331338,37.979109
6/1/2006,SAN JOAQUIN,STOCKTON,2553 MICHAELANGELO DRIVE,CA,-121.338767,37.981446
4/19/2007,SAN JOAQUIN,STOCKTON,301 MORADA,CA,-121.314559,38.035735
8/3/2006,SAN JOAQUIN,TRACY,14703 FINCK ROAD,CA,-121.48965,37.796827
3/14/2008,SAN JOAQUIN,TRACY,11422 WEST LARCH ROAD,CA,-121.445972,37.764065
1/5/2004,SAN LUIS OBISPO,ATASCADERO,1400 SAN RAMON,CA,-120.705418,35.516734
3/14/2006,SAN LUIS OBISPO,ATASCADERO,4080 DOLORES AVENUE,CA,-120.680083,35.505233
3/30/2006,SAN LUIS OBISPO,GROVER BEACH,448 NORTH 9TH STREET,CA,-120.619708,35.125765
7/12/2006,SAN LUIS OBISPO,MORRO BAY,525 ATASCADERO ROAD,CA,-120.85296,35.381412
4/29/2008,SAN LUIS OBISPO,NIPOMO,155 EAST PRICE STREET,CA,-120.472888,35.042647
9/5/2006,SAN LUIS OBISPO,PASO ROBLES,749 ORCHARD,CA,-120.667779,35.628454
8/25/2007,SAN LUIS OBISPO,PASO ROBLES,512 FEIN STREET,CA,-120.69569,35.652701
8/29/2006,SAN LUIS OBISPO,SAN LUIS OBISPO,3500 BULLOCK,CA,-120.639988,35.258534
12/7/2011,SAN LUIS OBISPO,SAN LUIS OBISPO,1771  CORDOVA,CA,-120.707,35.265933
1/15/2007,SAN LUIS OBISPO,TEMPLETON,30 DANELION ROAD,CA,-120.71829,35.558351
6/21/2006,SAN MATEO,BELMONT,926 SOUTH ROAD,CA,-122.278766,37.518679
1/14/2010,SAN MATEO,DALY CITY,439  BONNIE STREET,CA,-122.456914,37.695535
6/4/2006,SAN MATEO,EAST PALO ALTO,1894 BAY ROAD,CA,-122.132463,37.472376
7/11/2007,SANTA CLARA,CAMPBELL,768 NEVINS STREET,CA,-121.949957,37.287165
4/3/2004,SANTA CLARA,GILROY,7860 DRIFTWOOD TER A,CA,-121.592841,37.010761
8/19/2010,SANTA CLARA,GILROY,2250  ROOP RD ROAD,CA,-121.541922,37.040886
10/26/2004,SANTA CLARA,LOS ALTOS,25562 FERNHILL DR,CA,-122.113332,37.344265
9/29/2004,SANTA CLARA,MORGAN HILL,6760 CROY RD,CA,-121.76864,37.083912
1/15/2004,SANTA CLARA,SAN JOSE,3570 COLUMBINE DR,CA,-121.796207,37.353167
2/8/2004,SANTA CLARA,SAN JOSE,110 ROUNDTABLE DR 1,CA,-121.806624,37.260625
5/5/2004,SANTA CLARA,SAN JOSE,1374 RANDOL AVE,CA,-121.92204,37.332911
6/22/2004,SANTA CLARA,SAN JOSE,90 SADDLEBROOK DR,CA,-121.823772,37.265235
9/21/2004,SANTA CLARA,SAN JOSE,935 FOXCHASE DR 413,CA,-121.871779,37.254269
11/15/2004,SANTA CLARA,SAN JOSE,2251 LANSFORD AVE,CA,-121.896071,37.286649
10/16/2005,SANTA CLARA,SAN JOSE,1425 STAHL ST,CA,-121.833307,37.340093
1/24/2006,SANTA CLARA,SAN JOSE,1560 DARLENE AVE,CA,-121.899055,37.281518
5/11/2006,SANTA CLARA,SAN JOSE,1919 FRUITDALE AVENUE,CA,-121.925975,37.311969
4/27/2007,SANTA CLARA,SAN JOSE,4075 HOBART AVENUE,CA,-121.824061,37.365236
2/21/2008,SANTA CLARA,SAN JOSE,2475 GLEN ANGUS WAY,CA,-121.803045,37.332766
3/18/2008,SANTA CLARA,SAN JOSE,843 SPINDRIFT WAY,CA,-121.940113,37.417771
3/20/2008,SANTA CLARA,SAN JOSE,1480 DOUGLAS STREET,CA,-121.916446,37.321189
5/29/2008,SANTA CLARA,SAN JOSE,71 AVENIDA ESPANA,CA,-121.765023,37.22974
8/31/2008,SANTA CLARA,SAN JOSE,973 IDLEWOOD DRIVE,CA,-121.835775,37.309952
6/10/2010,SANTA CLARA,SAN JOSE,800  SARATOGA AVENUE A308,CA,-121.976814,37.312966
8/26/2010,SANTA CLARA,SAN JOSE,5674  SAN FELIPE ROAD,CA,-121.759923,37.28437
9/18/2015,SANTA CLARA,SAN JOSE,315 N 21ST STREET,CA,-121.874554,37.350303
6/8/2004,SANTA CLARA,SANTA CLARA,1232 WARBURTON AVE,CA,-121.951485,37.356011
2/22/2008,SANTA CLARA,SANTA CLARA,2597 BORAX DRIVE,CA,-121.986429,37.368588
3/9/2011,SANTA CLARA,SANTA CLARA,2147  NEWHALL STREET,CA,-121.940576,37.3386
9/12/2010,SANTA CRUZ,CAPITOLA,1066  41ST AVENUE,CA,-121.963809,36.967769
3/18/2005,SANTA CRUZ,SANTA CRUZ,911 SOQUEL AVE,CA,-122.014588,36.978824
5/2/2006,SANTA CRUZ,SANTA CRUZ,231 FELIX STREET,CA,-122.032599,36.967668
9/29/2006,SANTA CRUZ,SANTA CRUZ,870 17TH AVENUE,CA,-121.985007,36.967067
3/13/2008,SANTA CRUZ,SANTA CRUZ,15769 COMSTOCK MILL ROAD,CA,-121.9455,37.101454
8/12/2004,SANTA CRUZ,SOQUEL,2600 41ST ST,CA,-121.963229,36.984471
10/17/2007,SANTA CRUZ,WATSONVILLE,216 SILVERLEAF DRIVE,CA,-121.786949,36.917261
7/29/2004,SHASTA,ANDERSON,6465 SADDLE TRAIL RD,CA,-122.435231,40.473307
3/27/2006,SHASTA,IGO,14463 WINDWALKER LN,CA,-122.521082,40.467935
2/2/2004,SHASTA,REDDING,1420 ARIZONA STREET,CA,-122.343468,40.543181
3/21/2004,SHASTA,REDDING,781 S STREET,CA,-117.655819,34.10309
3/30/2004,SHASTA,REDDING,12691 WILLIAMSON RD,CA,-122.397765,40.656766
7/18/2005,SHASTA,REDDING,80 CHURN CREEK RD,CA,-122.349471,40.611993
9/19/2006,SHASTA,REDDING,3115 STRATFORD AVENUE,CA,-122.414666,40.579308
8/29/2007,SHASTA,REDDING,1571 COLLEGE VIEW DRIVE,CA,-122.342385,40.614363
3/11/2010,SHASTA,REDDING,13922A  SUNDUST ROAD,CA,-122.307212,40.692904
4/13/2006,SHASTA,SHINGLETOWN,7498 HILDA RD,CA,-122.083091,40.510909
3/3/2004,SISKIYOU,DORRIS,2100 SHEEPY ISLAND RD 437,CA,-121.813096,41.958804
2/21/2004,SISKIYOU,WEED,208 JACKSON ST,CA,-122.380233,41.438685
3/16/2004,SISKIYOU,WEED,208 JACKSON ST,CA,-122.380233,41.438685
7/21/2005,SISKIYOU,WEED,208 JACKSON ST,CA,-122.380233,41.438685
3/23/2004,SOLANO,DIXON,805 N ADAMS ST 110,CA,-121.824102,38.453257
3/3/2006,SOLANO,DIXON,9155 OLMO RD,CA,-121.77586,38.517189
3/9/2005,SOLANO,SUISUN CITY,515 CRESTED DR,CA,-122.000696,38.245201
9/29/2005,SOLANO,VACAVILLE,7234 SHELTON LN,CA,-121.976543,38.412986
3/5/2008,SOLANO,VACAVILLE,148 LOMITA AVENUE,CA,-121.981859,38.369388
2/12/2004,SOLANO,VALLEJO,1130 MONTEREY ST,CA,-122.24609,38.108725
3/30/2004,SOLANO,VALLEJO,1163 LEWIS AVE,CA,-122.215682,38.086128
4/20/2004,SOLANO,VALLEJO,618 MAIN ST,CA,-122.25109,38.099341
5/14/2004,SOLANO,VALLEJO,136 HOGAN ST,CA,-122.251175,38.137713
1/31/2008,SOLANO,VALLEJO,318 TAPER AVENUE,CA,-122.232943,38.148322
4/30/2010,SOLANO,VALLEJO,264  FLYINGCLOUD COURT,CA,-122.202162,38.068806
1/1/2004,STANISLAUS,CERES,4837 FAITH HOME RD 119,CA,-120.920647,37.568662
7/2/2004,STANISLAUS,CERES,4022 ESMAIL KEYES,CA,-120.919149,37.56005
1/18/2005,STANISLAUS,CERES,2033 HACKETT RD,CA,-120.957721,37.587544
3/22/2006,STANISLAUS,CERES,527 MITCHELL RD,CA,-120.957353,37.632431
3/24/2006,STANISLAUS,CERES,3707 MONTE VISTA E AVE,CA,-120.925009,37.521975
10/20/2006,STANISLAUS,CERES,1743 CENTRAL,CA,-120.957348,37.603259
8/25/2008,STANISLAUS,CERES,112 TAYLOR ROAD,CA,-120.993487,37.536569
11/16/2008,STANISLAUS,CERES,1948 EVANS ROAD,CA,-120.959946,37.601787
11/18/2008,STANISLAUS,CERES,1528 EVANS ROAD,CA,-120.969164,37.602743
5/19/2009,STANISLAUS,CERES,3107  TAYLOR ROAD,CA,-120.934834,37.533001
5/19/2009,STANISLAUS,CERES,3107 EAST TAYLOR ROAD,CA,-120.934834,37.533001
2/5/2010,STANISLAUS,CERES,2329  6TH STREET,CA,-120.951093,37.595185
9/19/2004,STANISLAUS,DENAIR,5319 BERKELEY AVE,CA,-120.828745,37.560503
2/2/2005,STANISLAUS,DENAIR,4540 ARNOLD RD,CA,-120.785919,37.534095
4/14/2009,STANISLAUS,DENAIR,18000  KEYES ROAD,CA,-120.663819,37.551092
4/7/2005,STANISLAUS,GRAYSON,1705 HITO DR,CA,-121.180882,37.56662
1/20/2004,STANISLAUS,HICKMAN,948 HICKMAN RD,CA,-120.754834,37.618713
6/19/2008,STANISLAUS,HICKMAN,861 MEIER ROAD,CA,-120.728899,37.622782
8/28/2011,STANISLAUS,HUGHSON,1828  WHITE BIRTCH DRIVE,CA,-120.863277,37.604165
1/17/2004,STANISLAUS,MODESTO,3356 MAZE W BLVD,CA,-121.055673,37.638301
1/24/2004,STANISLAUS,MODESTO,1520 PROSPECT LN,CA,-120.917107,37.666417
7/13/2004,STANISLAUS,MODESTO,1312 MCHENRY 111,CA,-120.992389,37.662281
7/13/2004,STANISLAUS,MODESTO,2009 MONTICELLO AVE,CA,-121.010678,37.672992
9/1/2004,STANISLAUS,MODESTO,1516 BOLLINGER CT,CA,-121.007201,37.608405
9/5/2004,STANISLAUS,MODESTO,1240 N 9TH ST 10,CA,-121.026981,37.661239
10/3/2004,STANISLAUS,MODESTO,8100 YOSEMITE BLVD,CA,-120.845242,37.633962
12/11/2004,STANISLAUS,MODESTO,3708 ALMERIA DR,CA,-121.005412,37.692373
2/2/2005,STANISLAUS,MODESTO,400 ALGEN AVE,CA,-120.997902,37.598835
3/26/2005,STANISLAUS,MODESTO,1022 CALDER CT,CA,-121.005776,37.669937
1/18/2006,STANISLAUS,MODESTO,205 GLACIER AVE,CA,-120.995173,37.610598
3/7/2006,STANISLAUS,MODESTO,3500 PLAIN VIEW ROAD,CA,-120.931365,37.703536
4/24/2006,STANISLAUS,MODESTO,1411 SCENIC DRIVE,CA,-120.972824,37.650138
5/18/2006,STANISLAUS,MODESTO,110 WISENOR,CA,-120.987968,37.624526
6/8/2006,STANISLAUS,MODESTO,2008 STRACKER WAY,CA,-121.028101,37.687337
9/13/2006,STANISLAUS,MODESTO,620 PARADISE ROAD,CA,-121.014619,37.625025
9/14/2006,STANISLAUS,MODESTO,306 LOCUST STREET,CA,-121.010762,37.639953
12/4/2006,STANISLAUS,MODESTO,665 7TH STREET,CA,-120.994799,37.630637
6/3/2007,STANISLAUS,MODESTO,1331 PARADISE ROAD,CA,-121.027282,37.617722
6/19/2008,STANISLAUS,MODESTO,1016 EAST MARLOW,CA,-121.025361,37.616105
6/19/2008,STANISLAUS,MODESTO,1016 MARLOW,CA,-121.025361,37.616105
5/21/2009,STANISLAUS,MODESTO,1898  SKYLANE WAY,CA,-121.024782,37.676119
8/11/2011,STANISLAUS,MODESTO,1600  FRENCH,CA,-121.014283,37.615038
2/9/2012,STANISLAUS,MODESTO,1749  POLAND,CA,-121.050089,37.604817
1/15/2008,STANISLAUS,NEWMAN,531 LADY SLIPPER,CA,-121.015675,37.321871
7/26/2010,STANISLAUS,NEWMAN,1200  MAIN STREET,CA,-121.023027,37.316982
1/5/2004,STANISLAUS,OAKDALE,143 N 6TH ST,CA,-120.843573,37.769019
10/22/2004,STANISLAUS,OAKDALE,13537 ORANGE BLOSSOM RD,CA,-120.744959,37.791495
10/26/2004,STANISLAUS,OAKDALE,410 ARBOLES WAY,CA,-120.836854,37.765981
11/29/2004,STANISLAUS,OAKDALE,755 RIVER AVE,CA,-120.853377,37.773884
12/6/2004,STANISLAUS,OAKDALE,445 N FIFTH,CA,-120.846953,37.772171
5/28/2009,STANISLAUS,OAKDALE,20601  WARNERVILLE ROAD,CA,-120.755652,37.74009
6/30/2009,STANISLAUS,OAKDALE,10742  PIONEER AVENUE,CA,-120.911562,37.796199
5/3/2009,STANISLAUS,PATTERSON,1830  ORANGE AVENUE,CA,-121.093572,37.477834
1/31/2006,STANISLAUS,RIVERBANK,3939 MINNIEAR AVE,CA,-120.923129,37.71694
6/18/2009,STANISLAUS,RIVERBANK,2924  STANISLAUS STREET,CA,-120.942087,37.735006
5/22/2010,STANISLAUS,RIVERBANK,3238  POCKET AVENUE,CA,-120.936166,37.720944
2/7/2004,STANISLAUS,STANISLAUS,13660 CARPENTER RD,CA,-121.018608,37.44071
4/12/2004,STANISLAUS,TURLOCK,6407 MITCHELL RD,CA,-120.944874,37.432205
6/29/2004,STANISLAUS,TURLOCK,1625 LARKSPUR ST,CA,-120.830256,37.490442
10/30/2004,STANISLAUS,TURLOCK,265 IRONWOOD,CA,-120.846552,37.477647
11/4/2004,STANISLAUS,TURLOCK,357 E OLIVE AVE,CA,-120.845276,37.496576
6/26/2007,STANISLAUS,TURLOCK,201 G STREET,CA,-120.840743,37.486545
9/15/2007,STANISLAUS,TURLOCK,1105 BEREA,CA,-120.861751,37.514024
1/6/2008,STANISLAUS,TURLOCK,1090 DENAIR AVENUE,CA,-120.843549,37.503031
2/16/2008,STANISLAUS,TURLOCK,1125 SOUTH TEGNER ROAD A,CA,-120.888129,37.48264
4/18/2008,STANISLAUS,TURLOCK,3800 CROWELL ROAD,CA,-120.861501,37.528255
8/5/2008,STANISLAUS,TURLOCK,590 MINARET AVENUE,CA,-120.838953,37.491064
12/15/2008,STANISLAUS,TURLOCK,677 NORTH SODERQUIST ROAD,CA,-120.86379,37.498567
4/22/2009,STANISLAUS,TURLOCK,4519  MOFFETT ROAD,CA,-120.949069,37.451008
5/19/2009,STANISLAUS,TURLOCK,6107  MOUNTAIN VIEW ROAD,CA,-120.881415,37.549368
5/29/2009,STANISLAUS,TURLOCK,460  MOFFET ROAD,CA,-120.949318,37.489306
2/9/2010,STANISLAUS,TURLOCK,1180 WEST LINWOOD AVENUE,CA,-120.86161,37.478156
3/5/2004,STANISLAUS,WATERFORD,575 E ST,CA,-120.764418,37.644989
11/10/2004,SUTTER,LIVE OAK,2691 STAFFORD DR,CA,-121.6632,39.227427
4/7/2005,SUTTER,LIVE OAK,9755 O ST,CA,-121.664571,39.272645
5/17/2004,SUTTER,SUTTER,2235 MADRONE ST,CA,-121.752168,39.160523
1/11/2004,SUTTER,YUBA CITY,2898 MCKENLY RD,CA,-121.67024,39.157766
2/17/2004,SUTTER,YUBA CITY,1400 LYTLE RD,CA,-121.713911,39.147671
3/10/2004,SUTTER,YUBA CITY,1718 ELMER RD,CA,-121.655919,39.151982
5/11/2004,SUTTER,YUBA CITY,1292 HARTER RD,CA,-121.655416,39.146073
6/7/2004,SUTTER,YUBA CITY,1619 FRANKLIN RD K,CA,-121.644175,39.127555
9/1/2004,SUTTER,YUBA CITY,1081 NORTHRIDGE DR,CA,-121.629606,39.163464
9/2/2004,SUTTER,YUBA CITY,400 WALTON N AVE 3,CA,-121.643895,39.129371
10/18/2004,SUTTER,YUBA CITY,761 CHESTNUT ST,CA,-121.619836,39.138129
10/30/2004,SUTTER,YUBA CITY,413 PINE ST,CA,-121.597013,39.139084
11/5/2004,SUTTER,YUBA CITY,1368 HUTCHINSON A,CA,-121.636555,39.038926
12/11/2004,SUTTER,YUBA CITY,24 CENTRAL AVE,CA,-121.59503,38.960522
12/22/2004,SUTTER,YUBA CITY,132 S WALTON AVE A,CA,-121.643868,39.126683
2/15/2005,SUTTER,YUBA CITY,1587 GRAY AVE,CA,-121.629827,39.154029
9/1/2005,SUTTER,YUBA CITY,1341 DUSTIN DR 39,CA,-121.641202,39.149091
1/23/2006,SUTTER,YUBA CITY,4098 MARLETTE RD,CA,-121.69088,39.124971
2/18/2006,SUTTER,YUBA CITY,1115 MARCIA AVENUE,CA,-121.63008,39.125143
5/19/2006,SUTTER,YUBA CITY,1250 KENNY DRIVE,CA,-121.633151,39.15378
1/2/2007,SUTTER,YUBA CITY,617 FORBES AVENUE,CA,-121.619667,39.137908
9/27/2004,TEHAMA,CORNING,6330 PIEDMONT RD,CA,-122.149281,39.980242
7/31/2006,TEHAMA,CORNING,323 RIO DEL REY COURT,CA,-122.193417,39.932688
4/28/2010,TEHAMA,LOS MOLINOS,24881  68TH,CA,-122.109145,40.109314
8/1/2006,TEHAMA,RED BLUFF,19932 SAWTOOTH DRIVE,CA,-122.227224,40.372704
3/11/2007,TRINITY,TRINITY CENTER,360 MAUDE AVENUE,CA,-122.697674,40.982109
4/28/2006,TULARE,CUTLER,39500 ROAD 136,CA,-119.265476,36.506122
3/31/2004,TULARE,DINUBA,39780 ROAD 56,CA,-119.448343,36.513402
8/17/2006,TULARE,DINUBA,38929 ROAD 84,CA,-119.387953,36.497699
3/24/2004,TULARE,LINDSAY,1445 E HONOLULU,CA,-119.074532,36.20465
2/7/2004,TULARE,PORTERVILLE,27003 AVENUE 120,CA,-118.969854,36.005693
1/7/2006,TULARE,PORTERVILLE,1611 E SUCCESS DRIVE,CA,-118.981656,36.055972
1/7/2006,TULARE,PORTERVILLE,670 E POPLAR,CA,-119.001764,36.051175
8/9/2006,TULARE,TIPTON,14144 ROAD 152,CA,-119.229128,36.048956
5/26/2004,TULARE,TULARE,26442 99 HWY 210,CA,-119.365857,36.270647
11/3/2008,TULARE,VISALIA,3347 WEST HILLSDALE STREET G,CA,-119.328215,36.329359
1/29/2004,TULARE,WOODVILLE,16477 HUDSON AVE,CA,-119.203848,36.091757
6/14/2006,VENTURA,FILLMORE,2989 WEST W TELEGRAPH ROAD HIG,CA,-118.972826,34.382033
2/22/2006,VENTURA,N/A,5892 SANTA CLARA RD,CA,-121.996666,37.404798
11/9/2006,VENTURA,OXNARD,765 KOHALA STREET,CA,-119.150998,34.208868
3/20/2007,VENTURA,THOUSAND OAKS,982 EAST JANAS ROAD,CA,-118.861735,34.198967
5/4/2006,VENTURA,VENTURA,1300 SARATOGA STREET,CA,-119.218921,34.262511
1/13/2004,YOLO,WEST SACRAMENTO,1155 LINDEN RD,CA,-121.51533,38.540565
3/30/2007,YOLO,WEST SACRAMENTO,1900 EVERGREEN AVENUE,CA,-121.534181,38.577076
3/10/2004,YOLO,WOODLAND,1730 DONNER WAY,CA,-121.772827,38.656491
5/27/2004,YUBA,ARBOGA,13814 CHARLIES LN,CA,-121.555796,39.051282
1/25/2006,YUBA,LOMA RICA,5124 WOLF TRAIL,CA,-121.422131,39.334021
4/6/2004,YUBA,MARYSVILLE,1118 I ST,CA,-121.598046,39.146955
4/12/2004,YUBA,MARYSVILLE,1205 E 22ND ST,CA,-121.564996,39.159598
4/14/2004,YUBA,MARYSVILLE,222 H ST,CA,-121.594771,39.137629
5/12/2004,YUBA,MARYSVILLE,1804 HILE AVE C,CA,-121.551143,39.131727
5/20/2004,YUBA,MARYSVILLE,1505 RAMIREZ RD,CA,-121.554529,39.271719
7/18/2004,YUBA,MARYSVILLE,5956 PARK AVE O,CA,-121.558193,39.126117
8/3/2004,YUBA,MARYSVILLE,5818 PARK AVE,CA,-121.557692,39.122154
8/8/2004,YUBA,MARYSVILLE,5931 REDBURN AVE,CA,-121.553523,39.125682
9/10/2004,YUBA,MARYSVILLE,1735 N BEALE RD,CA,-121.552665,39.127709
10/18/2004,YUBA,MARYSVILLE,2209 BOULTON WAY,CA,-121.581745,39.160347
10/25/2004,YUBA,MARYSVILLE,976 KAY ST,CA,-121.579443,39.120044
12/21/2004,YUBA,MARYSVILLE,5395 FEATHER RIVER BLVD,CA,-121.580453,39.109807
2/22/2005,YUBA,MARYSVILLE,5528 ALICIA AVE,CA,-121.572247,39.113712
3/9/2005,YUBA,MARYSVILLE,5696 ARBOGA RD,CA,-121.573634,39.119018
5/18/2005,YUBA,MARYSVILLE,1100 E 17TH ST 36,CA,-121.570511,39.154868
5/24/2005,YUBA,MARYSVILLE,885 GRAND AVE,CA,-121.579692,39.110064
12/13/2005,YUBA,MARYSVILLE,209 E ST,CA,-121.589995,39.136928
1/12/2006,YUBA,MARYSVILLE,1097 VINE AVE,CA,-121.57425,39.113129
2/16/2006,YUBA,MARYSVILLE,647 RAMIREZ RD B,CA,-121.596729,39.264545
3/30/2006,YUBA,MARYSVILLE,714 BOYER ROAD,CA,-121.597668,39.256128
7/13/2006,YUBA,MARYSVILLE,5514 FEATHER RIVER BOULEVARD,CA,-121.582935,39.112958
10/3/2006,YUBA,MARYSVILLE,8369 HWY 70,CA,-121.594078,39.199806
10/9/2006,YUBA,MARYSVILLE,7340 DOC ADAMS ROAD,CA,-121.597802,39.16612
6/11/2007,YUBA,MARYSVILLE,1164 REDWOOD AVENUE,CA,-121.5727,39.11994
7/7/2007,YUBA,MARYSVILLE,4499 EAST ERLE ROAD,CA,-121.453215,39.107653
9/27/2004,YUBA,OLIVEHURST,3735 ARBOGA RD,CA,-121.559094,39.062
9/28/2004,YUBA,OLIVEHURST,4456 COLLEGE,CA,-121.550863,39.083039
11/3/2004,YUBA,OLIVEHURST,1941 14TH ST,CA,-121.544867,39.083718
11/17/2004,YUBA,OLIVEHURST,4461 COLLEGE WAY,CA,-121.550319,39.083179
1/27/2005,YUBA,OLIVEHURST,1696 10TH AVE,CA,-121.553826,39.089374
1/17/2006,YUBA,OLIVEHURST,1440 BROADWAY RD,CA,-121.560005,39.051223
1/31/2006,YUBA,OLIVEHURST,3948 SHIMER RD,CA,-121.515663,39.070432
1/31/2006,YUBA,OLIVEHURST,4605 SUMMERS LN,CA,-121.547573,39.087531